Amazon S3,Did you know that Amazon S3,offers server-side encryption for your objects, ensuring that your data remains encrypted at rest without any additional effort on your part?
Amazon S3,Did you know that Amazon S3,provides event notifications that can trigger workflows or alerts, allowing you to automate actions based on changes to your stored objects?
Amazon S3,Did you know that Amazon S3,offers versioning, which allows you to keep multiple versions of an object, giving you the ability to recover from both unintended deletes and overwrites?
Amazon S3,Did you know that Amazon S3,supports cross-region replication, enabling you to automatically replicate your data to a different AWS region for enhanced durability and compliance?
Amazon S3,Did you know that Amazon S3,provides a feature called S3 Transfer Acceleration, which utilizes CloudFront's globally distributed edge locations to accelerate uploads and downloads?
Amazon S3,Did you know that Amazon S3,allows you to set lifecycle policies that can automatically transition objects between storage classes or even expire them after a specific period?
Amazon S3,Did you know that Amazon S3,offers access control through bucket policies and access control lists (ACLs), giving you granular control over who can access your stored objects?
Amazon S3,Did you know that Amazon S3,provides S3 Select, a feature that allows you to retrieve only a specific subset of data from an object, reducing the amount of data transferred?
Amazon S3,Did you know that Amazon S3,provides a feature called S3 Inventory, which allows you to generate reports about your object metadata, simplifying data auditing and compliance efforts?
Amazon S3,Did you know that Amazon S3,supports data transfers over Amazon Snowball devices, enabling you to securely and efficiently transfer large amounts of data to and from the cloud?
Amazon S3,Did you know that Amazon S3,allows you to enable CORS (Cross-Origin Resource Sharing) on your buckets, facilitating secure cross-origin access to your resources?
Amazon S3,Did you know that Amazon S3,provides seamless integration with AWS Lambda, allowing you to trigger serverless functions in response to object-level events?
Amazon S3,Did you know that Amazon S3,offers an intelligent tiering storage class, automatically moving objects between frequent access and infrequent access tiers to optimize costs?
Amazon S3,Did you know that Amazon S3,supports multipart uploads, allowing you to upload large objects in parts for improved performance and resumability?
Amazon S3,Did you know that Amazon S3,enables you to set up lifecycle policies to automatically transition objects to Glacier for long-term archival storage?
Amazon S3,Did you know that Amazon S3,provides transfer acceleration for faster content delivery, leveraging Amazon CloudFront's global network of edge locations?
Amazon S3,Did you know that Amazon S3,offers event notifications through Amazon Simple Notification Service (SNS), keeping you informed about changes to your objects?
Amazon S3,Did you know that Amazon S3,supports bucket logging, allowing you to capture detailed access logs for auditing and security analysis purposes?
Amazon S3,Did you know that Amazon S3,integrates seamlessly with AWS Identity and Access Management (IAM), enabling fine-grained control over access to your buckets and objects?
Amazon S3,Did you know that Amazon S3,provides a feature called bucket versioning, which helps you protect against accidental object deletions or overwrites?
Amazon S3,Did you know that Amazon S3,supports object tagging, allowing you to assign custom metadata to your objects for improved organization and management?
Amazon S3,Did you know that Amazon S3,provides event-driven workflows through AWS Lambda, enabling you to automate processes based on changes to your S3 data?
Amazon S3,Did you know that Amazon S3,offers cross-origin resource sharing (CORS) support, allowing you to specify which origins are allowed to access your S3 resources?
Amazon S3,Did you know that Amazon S3,provides fine-grained access control through Access Control Lists (ACLs), giving you control over individual object permissions?
Amazon S3,Did you know that Amazon S3,enables you to enable versioning on your buckets, allowing you to track and restore previous versions of objects?
Amazon S3,Did you know that Amazon S3,provides event notifications through AWS CloudTrail, allowing you to monitor and audit changes made to your S3 resources?
Amazon S3,Did you know that Amazon S3,offers integration with AWS CloudFormation, allowing you to automate the creation and management of S3 resources?
Amazon S3,Did you know that Amazon S3,provides multi-part uploads for increased performance and reliability when uploading large objects?
Amazon S3,Did you know that Amazon S3,allows you to configure lifecycle policies to automatically transition objects to different storage classes based on their age or usage patterns?
Amazon S3,Did you know that Amazon S3,enables you to enable logging on your buckets, capturing detailed information about access requests and object activities?
Amazon EC2,Did you know that Amazon EC2,provides a wide range of instance types optimized for different workloads, such as general-purpose, memory-optimized, and GPU instances?
Amazon EC2,Did you know that Amazon EC2,offers multiple pricing options, including On-Demand, Reserved Instances, and Spot Instances, giving you flexibility in cost optimization?
Amazon EC2,Did you know that Amazon EC2,allows you to launch instances in multiple regions worldwide, enabling you to deploy your applications closer to your users?
Amazon EC2,Did you know that Amazon EC2,supports auto scaling, allowing you to automatically adjust the number of instances based on demand to optimize performance and costs?
Amazon EC2,Did you know that Amazon EC2,enables you to create custom Amazon Machine Images (AMIs), providing a pre-configured environment for your applications?
Amazon EC2,Did you know that Amazon EC2,integrates with Elastic Load Balancing, distributing incoming traffic across multiple instances for improved availability and fault tolerance?
Amazon EC2,Did you know that Amazon EC2,supports Elastic IP addresses, allowing you to allocate static IP addresses to your instances for seamless connectivity?
Amazon EC2,Did you know that Amazon EC2,enables you to encrypt your EBS volumes with AWS Key Management Service (KMS) to protect your data at rest?
Amazon EC2,Did you know that Amazon EC2,provides instance metadata and user data that can be used for dynamic configuration and custom initialization of your instances?
Amazon EC2,Did you know that Amazon EC2,supports the use of placement groups, allowing you to logically group instances within a single Availability Zone for low-latency communication?
Amazon EC2,Did you know that Amazon EC2,offers instance hibernation, allowing you to pause and resume instances while preserving their in-memory state?
Amazon EC2,Did you know that Amazon EC2,provides detailed monitoring metrics and CloudWatch integration, allowing you to monitor the performance of your instances?
Amazon EC2,Did you know that Amazon EC2,supports instance types with local instance storage, providing high-performance and low-latency storage options?
Amazon EC2,Did you know that Amazon EC2,allows you to create security groups to control inbound and outbound traffic to your instances at the firewall level?
Amazon EC2,Did you know that Amazon EC2,supports the use of instance store-backed AMIs, which provide temporary block-level storage that is directly attached to the instance?
Amazon EC2,Did you know that Amazon EC2,integrates with AWS Identity and Access Management (IAM), allowing you to manage access to your EC2 resources with fine-grained permissions?
Amazon EC2,Did you know that Amazon EC2,provides the ability to launch instances in a Virtual Private Cloud (VPC), allowing you to isolate your instances in your own private network?
Amazon EC2,Did you know that Amazon EC2,supports the use of Elastic Network Interfaces (ENIs), providing virtual network interfaces for your instances?
Amazon EC2,Did you know that Amazon EC2,provides the ability to create snapshots of your EBS volumes, allowing you to back up and restore your data easily?
Amazon EC2,Did you know that Amazon EC2,supports the use of instance metadata service, allowing instances to access metadata about themselves and their environment?
Amazon EC2,Did you know that Amazon EC2,enables you to leverage AWS Auto Scaling to automatically scale the number of instances based on predefined conditions?
Amazon EC2,Did you know that Amazon EC2,supports the use of instance profiles, allowing your instances to securely access other AWS services without the need for explicit credentials?
Amazon EC2,Did you know that Amazon EC2,provides the ability to create AMIs from your running instances, allowing you to capture and replicate your custom configurations?
Amazon EC2,Did you know that Amazon EC2,enables you to utilize dedicated hosts, which provide physical servers dedicated to your use, offering additional control and compliance?
Amazon EC2,Did you know that Amazon EC2,supports the use of spot instances, which can significantly reduce your EC2 costs by bidding on unused capacity in the AWS cloud?
Amazon EC2,Did you know that Amazon EC2,enables you to use instance recovery, which automatically recovers instances in the event of a system or hardware failure?
Amazon EC2,Did you know that Amazon EC2,supports the use of instance tenancy options, allowing you to choose between shared tenancy or dedicated tenancy for your instances?
Amazon EC2,Did you know that Amazon EC2,provides Amazon Elastic GPUs, which allow you to attach GPU resources to your instances for accelerated graphics and compute workloads?
Amazon EC2,Did you know that Amazon EC2,offers the Amazon EC2 Systems Manager, providing a collection of tools for system management and configuration of your instances?
Amazon RDS,Did you know that Amazon RDS,automatically performs database backups for you, allowing you to easily restore your data in case of a failure or accidental deletion?
Amazon RDS,Did you know that Amazon RDS,supports multiple database engines, including MySQL, PostgreSQL, Oracle, and Microsoft SQL Server, giving you the flexibility to choose the one that suits your needs?
Amazon RDS,Did you know that Amazon RDS,provides automated software patching, ensuring that your database instances are always up to date with the latest security fixes and enhancements?
Amazon RDS,Did you know that Amazon RDS,offers read replicas, allowing you to offload read traffic from your primary database instance and scale your read-intensive workloads?
Amazon RDS,Did you know that Amazon RDS,enables you to easily scale your database instances vertically by adjusting the compute and memory resources to meet the changing demands of your applications?
Amazon RDS,Did you know that Amazon RDS,supports Multi-AZ deployments, providing high availability and automatic failover for your database instances in the event of a failure?
Amazon RDS,Did you know that Amazon RDS,allows you to take database snapshots, which are point-in-time backups that can be used to restore your database to a specific state?
Amazon RDS,Did you know that Amazon RDS,provides the ability to replicate your database instances across multiple AWS regions for disaster recovery and lower latency access?
Amazon RDS,Did you know that Amazon RDS,offers the option to encrypt your database instances using AWS Key Management Service (KMS) to enhance the security of your data at rest?
Amazon RDS,Did you know that Amazon RDS,supports automated monitoring and metrics through Amazon CloudWatch, allowing you to monitor the performance of your database instances?
Amazon RDS,Did you know that Amazon RDS,enables you to configure database parameter groups to customize the behavior and settings of your database engine?
Amazon RDS,Did you know that Amazon RDS,provides the ability to scale your database instances horizontally with the use of Read Replicas, allowing you to handle increased read traffic?
Amazon RDS,Did you know that Amazon RDS,supports the use of AWS Database Migration Service (DMS), making it easy to migrate your databases to RDS with minimal downtime?
Amazon RDS,Did you know that Amazon RDS,enables you to configure backup retention periods, allowing you to retain your automated backups for a specified duration?
Amazon RDS,Did you know that Amazon RDS,provides a Performance Insights feature, giving you a detailed view of your database's performance to identify bottlenecks and optimize queries?
Amazon RDS,Did you know that Amazon RDS,supports the use of database engine-specific features, such as Amazon Aurora's fast database clones and Global Database for multi-region replication?
Amazon RDS,Did you know that Amazon RDS,allows you to configure database instances to automatically scale CPU and memory resources based on your application's workload patterns?
Amazon RDS,Did you know that Amazon RDS,offers the option to restore your database instances to a specific point in time, allowing you to recover from data corruption or user errors?
Amazon RDS,Did you know that Amazon RDS,enables you to enable enhanced monitoring, providing additional insights into the resource utilization of your database instances?
Amazon RDS,Did you know that Amazon RDS,supports database engine version upgrades, allowing you to easily upgrade your database instances to the latest available version?
Amazon RDS,Did you know that Amazon RDS,offers the ability to create and manage database instances directly from the AWS Management Console, providing a user-friendly interface?
Amazon RDS,Did you know that Amazon RDS,provides the option to configure database instances with Multi-Region Read Replicas, enabling low-latency reads across multiple regions?
Amazon RDS,Did you know that Amazon RDS,enables you to set up alarms based on CloudWatch metrics, allowing you to receive notifications when certain thresholds are exceeded?
Amazon RDS,Did you know that Amazon RDS,supports the use of Amazon Virtual Private Cloud (VPC), giving you control over the network configuration and access to your database instances?
Amazon RDS,Did you know that Amazon RDS,offers the option to enable Performance Insights, a feature that helps you analyze the performance of your SQL statements?
Amazon RDS,Did you know that Amazon RDS,enables you to manage database instances through the AWS Command Line Interface (CLI) and SDKs, providing programmatic access?
Amazon RDS,Did you know that Amazon RDS,supports the use of AWS CloudFormation, allowing you to provision and manage your database instances as code?
Amazon RDS,Did you know that Amazon RDS,provides the option to export your database logs to Amazon CloudWatch Logs, making it easier to analyze and troubleshoot issues?
Amazon RDS,Did you know that Amazon RDS,enables you to use the Database Activity Streams feature, which provides a real-time stream of database activity events?
Amazon RDS,Did you know that Amazon RDS,supports the use of database engine-specific extensions and plugins, allowing you to extend the functionality of your database instances?
Amazon Lambda,Did you know that AWS Lambda,allows you to run your code without provisioning or managing servers, enabling you to focus solely on your application logic?
Amazon Lambda,Did you know that AWS Lambda,supports multiple programming languages, including Python, JavaScript (Node.js), Java, C#, and Go, providing flexibility for developers?
Amazon Lambda,Did you know that AWS Lambda,scales automatically in response to incoming request traffic, ensuring that your functions can handle any workload?
Amazon Lambda,Did you know that AWS Lambda,charges you only for the compute time consumed by your functions, offering a cost-effective pricing model with no upfront fees?
Amazon Lambda,Did you know that AWS Lambda,integrates seamlessly with other AWS services, such as Amazon S3, Amazon DynamoDB, and Amazon API Gateway, enabling serverless application development?
Amazon Lambda,Did you know that AWS Lambda,supports event-driven computing, allowing you to trigger your functions in response to events from various sources, such as S3 uploads or database changes?
Amazon Lambda,Did you know that AWS Lambda,provides built-in high availability, with automatic replication and scaling across multiple Availability Zones, ensuring reliability for your functions?
Amazon Lambda,Did you know that AWS Lambda,enables you to set up custom runtime environments, allowing you to use any additional libraries or dependencies required by your functions?
Amazon Lambda,Did you know that AWS Lambda,supports environment variables, enabling you to securely store and access configuration values within your functions?
Amazon Lambda,Did you know that AWS Lambda,integrates with AWS Step Functions, allowing you to build complex workflows and orchestrate your serverless applications?
Amazon Lambda,Did you know that AWS Lambda,provides versioning and aliases, allowing you to manage different versions of your functions and control traffic routing?
Amazon Lambda,Did you know that AWS Lambda,enables you to log your function invocations and monitor their performance using Amazon CloudWatch Logs and Metrics?
Amazon Lambda,Did you know that AWS Lambda,supports asynchronous invocations, allowing your functions to return immediately while the results are processed in the background?
Amazon Lambda,Did you know that AWS Lambda,provides a built-in retry mechanism for failed function invocations, ensuring reliability and fault tolerance?
Amazon Lambda,Did you know that AWS Lambda,offers a powerful command-line interface (CLI) and SDKs for easy development, testing, and deployment of your functions?
Amazon Lambda,Did you know that AWS Lambda,enables you to set up VPC (Virtual Private Cloud) configurations, allowing your functions to securely access resources within your VPC?
Amazon Lambda,Did you know that AWS Lambda,supports function triggers from various event sources, such as Amazon SQS, Amazon Kinesis, and Amazon EventBridge?
Amazon Lambda,Did you know that AWS Lambda,allows you to allocate more memory to your functions, which can also increase their CPU and network performance?
Amazon Lambda,Did you know that AWS Lambda,offers a built-in integration with AWS X-Ray, providing end-to-end visibility into the execution of your serverless applications?
Amazon Lambda,Did you know that AWS Lambda,supports function concurrency limits, allowing you to control the maximum number of concurrent executions of your functions?
Amazon Lambda,Did you know that AWS Lambda,enables you to use AWS Secrets Manager or AWS Systems Manager Parameter Store to securely store and retrieve sensitive information?
Amazon Lambda,Did you know that AWS Lambda,provides a comprehensive set of permissions and resource policies, allowing fine-grained access control to your functions and resources?
Amazon Lambda,Did you know that AWS Lambda,supports the use of layers, allowing you to manage and share common code and libraries across multiple functions?
Amazon Lambda,Did you know that AWS Lambda,enables you to configure function timeouts, ensuring that your functions don't run indefinitely and preventing resource waste?
Amazon Lambda,Did you know that AWS Lambda,offers the option to enable enhanced monitoring, providing additional metrics for better insights into the performance of your functions?
Amazon Lambda,Did you know that AWS Lambda,provides integration with Amazon Simple Notification Service (SNS), allowing your functions to send notifications and alerts?
Amazon Lambda,Did you know that AWS Lambda,supports fine-grained access control using AWS Identity and Access Management (IAM), ensuring secure execution of your functions?
Amazon Lambda,Did you know that AWS Lambda,enables you to use the Serverless Application Model (SAM) for simplified deployment and management of your serverless applications?
Amazon Lambda,Did you know that AWS Lambda,provides built-in support for AWS CloudTrail, allowing you to track and audit actions performed on your Lambda functions?
Amazon Lambda,Did you know that AWS Lambda,offers a comprehensive set of monitoring and troubleshooting tools, including built-in error reporting and custom metrics?
Amazon DynamoDB,Did you know that Amazon DynamoDB,is a fully managed NoSQL database service, providing fast and predictable performance at any scale?
Amazon DynamoDB,Did you know that Amazon DynamoDB,offers single-digit millisecond latency for read and write operations, allowing you to build highly responsive applications?
Amazon DynamoDB,Did you know that Amazon DynamoDB,automatically scales your tables to handle millions of requests per second, providing seamless scalability as your application grows?
Amazon DynamoDB,Did you know that Amazon DynamoDB,provides built-in multi-region replication, allowing you to replicate your data for disaster recovery and low-latency global access?
Amazon DynamoDB,Did you know that Amazon DynamoDB,offers flexible data modeling with support for key-value and document data structures, giving you the flexibility to choose the right model for your application?
Amazon DynamoDB,Did you know that Amazon DynamoDB,supports ACID transactions, allowing you to maintain data consistency and integrity in your applications?
Amazon DynamoDB,Did you know that Amazon DynamoDB,provides automatic data backups and point-in-time recovery, giving you the ability to restore your data to any point within a 35-day window?
Amazon DynamoDB,Did you know that Amazon DynamoDB,enables you to configure global secondary indexes, allowing efficient querying of data based on different attribute values?
Amazon DynamoDB,Did you know that Amazon DynamoDB,supports on-demand capacity mode, where you pay only for the read and write activity your application performs?
Amazon DynamoDB,Did you know that Amazon DynamoDB,enables you to configure auto-scaling for your tables, ensuring that your application can handle varying workloads automatically?
Amazon DynamoDB,Did you know that Amazon DynamoDB,provides fine-grained access control through AWS Identity and Access Management (IAM) and DynamoDB's own fine-grained access control mechanism?
Amazon DynamoDB,Did you know that Amazon DynamoDB,supports JSON document data types, allowing you to store, query, and retrieve complex structured data easily?
Amazon DynamoDB,Did you know that Amazon DynamoDB,provides flexible query capabilities with support for filter expressions and conditional updates, making it easy to retrieve and modify your data?
Amazon DynamoDB,Did you know that Amazon DynamoDB,supports item-level TTL (Time to Live), allowing you to automatically expire and delete items from your tables after a specified time period?
Amazon DynamoDB,Did you know that Amazon DynamoDB,offers DynamoDB Streams, which captures a time-ordered sequence of item-level modifications in your table for real-time data processing?
Amazon DynamoDB,Did you know that Amazon DynamoDB,enables you to replicate your tables within a region or across multiple regions for high availability and fault tolerance?
Amazon DynamoDB,Did you know that Amazon DynamoDB,provides on-demand backup and restore functionality, allowing you to create full backups of your tables with a single API call?
Amazon DynamoDB,Did you know that Amazon DynamoDB,supports fine-grained control over provisioned throughput, allowing you to allocate capacity to individual partitions?
Amazon DynamoDB,Did you know that Amazon DynamoDB,enables you to perform atomic, consistent, isolated, and durable (ACID) transactions across multiple items within a table?
Amazon DynamoDB,Did you know that Amazon DynamoDB,offers the DynamoDB Accelerator (DAX), a fully managed, in-memory cache that delivers fast response times for read-intensive workloads?
Amazon DynamoDB,Did you know that Amazon DynamoDB,enables you to create composite primary keys using both partition keys and sort keys, providing rich query capabilities?
Amazon DynamoDB,Did you know that Amazon DynamoDB,provides the option to enable Amazon CloudWatch integration, allowing you to monitor and track performance metrics of your tables?
Amazon DynamoDB,Did you know that Amazon DynamoDB,enables you to configure global tables for multi-region, multi-master replication, ensuring low-latency data access globally?
Amazon DynamoDB,Did you know that Amazon DynamoDB,supports automatic scaling of provisioned throughput capacity, allowing your tables to handle sudden spikes in traffic seamlessly?
Amazon DynamoDB,Did you know that Amazon DynamoDB,provides fine-grained access control for individual items using attribute-level permissions, ensuring data privacy and security?
Amazon DynamoDB,Did you know that Amazon DynamoDB,enables you to configure time to live (TTL) on your tables, automatically deleting expired items to optimize storage?
Amazon DynamoDB,Did you know that Amazon DynamoDB,supports conditional writes, allowing you to put, update, or delete items based on specific conditions?
Amazon DynamoDB,Did you know that Amazon DynamoDB,provides seamless integration with AWS Lambda, allowing you to trigger functions in response to DynamoDB events?
Amazon DynamoDB,Did you know that Amazon DynamoDB,enables you to configure on-demand backup and restore settings for your tables, simplifying data protection and recovery?
Amazon SNS,Did you know that Amazon SNS (Simple Notification Service),enables you to send messages or push notifications to multiple subscribers, including mobile devices, email, and HTTP/S endpoints?
Amazon SNS,Did you know that Amazon SNS,supports publish-subscribe messaging pattern, where messages are sent to topics and subscribers receive messages from those topics they are interested in?
Amazon SNS,Did you know that Amazon SNS,provides a fully managed service with high availability and durability, ensuring reliable message delivery to subscribers?
Amazon SNS,Did you know that Amazon SNS,enables you to create topics, which are logical access points that allow publishers to send messages to multiple subscribers at once?
Amazon SNS,Did you know that Amazon SNS,supports message filtering based on attributes, allowing subscribers to receive only the messages that match their specific criteria?
Amazon SNS,Did you know that Amazon SNS,integrates seamlessly with other AWS services, such as Amazon SQS, AWS Lambda, and Amazon Kinesis, for building complex event-driven architectures?
Amazon SNS,Did you know that Amazon SNS,offers message fanout capability, allowing you to distribute messages to a large number of subscribers without impacting performance?
Amazon SNS,Did you know that Amazon SNS,provides built-in message redelivery and retry mechanisms, ensuring that messages are delivered reliably to subscribers?
Amazon SNS,Did you know that Amazon SNS,supports message encryption using AWS Key Management Service (KMS), providing data security and compliance?
Amazon SNS,Did you know that Amazon SNS,enables you to control access to your topics using AWS Identity and Access Management (IAM) policies, ensuring secure communication?
Amazon SNS,Did you know that Amazon SNS,provides a web-based management console, allowing you to easily create, manage, and monitor your topics and subscriptions?
Amazon SNS,Did you know that Amazon SNS,supports mobile push notifications for iOS, Android, and other platforms, allowing you to engage with your app users?
Amazon SNS,Did you know that Amazon SNS,offers SMS (Short Message Service) messaging capabilities, allowing you to send text messages directly to mobile devices?
Amazon SNS,Did you know that Amazon SNS,enables you to use message attributes to provide additional metadata or customization to your messages?
Amazon SNS,Did you know that Amazon SNS,supports message delivery status tracking, providing insights into the delivery status of messages sent to subscribers?
Amazon SNS,Did you know that Amazon SNS,enables you to configure message retention policies, controlling how long messages are retained in a topic for subscribers to retrieve?
Amazon SNS,Did you know that Amazon SNS,provides a dead-letter queue (DLQ) feature, allowing you to capture and analyze messages that cannot be successfully processed by subscribers?
Amazon SNS,Did you know that Amazon SNS,enables you to use AWS CloudFormation for easy provisioning and management of your SNS resources as code?
Amazon SNS,Did you know that Amazon SNS,provides extensive logging capabilities, allowing you to track and monitor the activity and performance of your SNS topics?
Amazon SNS,Did you know that Amazon SNS,supports message attributes filtering, allowing subscribers to receive only the messages with specific attribute values?
Amazon SNS,Did you know that Amazon SNS,offers support for SMS messaging in over 200 countries, allowing you to reach users globally with text messages?
Amazon SNS,Did you know that Amazon SNS,supports message delay delivery, allowing you to schedule the delivery of messages at a later time?
Amazon SNS,Did you know that Amazon SNS,enables you to configure message filtering policies, allowing you to control which messages are sent to which subscribers based on their attributes?
Amazon SNS,Did you know that Amazon SNS,supports mobile push notifications for popular push notification services, such as Apple Push Notification Service (APNs) and Firebase Cloud Messaging (FCM)?
Amazon SNS,Did you know that Amazon SNS,enables you to use AWS CloudTrail to track API calls and changes made to your SNS topics, providing audit and compliance visibility?
Amazon SNS,Did you know that Amazon SNS,provides support for message payload encryption, allowing you to secure the content of your messages during transit?
Amazon SNS,Did you know that Amazon SNS,enables you to use AWS SDKs, AWS Command Line Interface (CLI), or API actions to interact with the service programmatically?
Amazon SNS,Did you know that Amazon SNS,offers high throughput capabilities, allowing you to send a large number of messages per second to your subscribers?
Amazon SNS,Did you know that Amazon SNS,enables you to use Amazon CloudWatch to monitor your SNS topics and get insights into message delivery and error rates?
Amazon SNS,Did you know that Amazon SNS,provides support for message versioning, allowing you to send different versions of messages to different subscribers?
Amazon SQS,Did you know that Amazon SQS (Simple Queue Service),enables you to decouple and scale microservices, distributed systems, and serverless applications?
Amazon SQS,Did you know that Amazon SQS,is a fully managed message queuing service that allows you to send, store, and receive messages between software components?
Amazon SQS,Did you know that Amazon SQS,offers both standard and FIFO (First-In-First-Out) queue types, allowing you to choose the right queue model for your application?
Amazon SQS,Did you know that Amazon SQS,provides at-least-once message delivery guarantee, ensuring that your messages are delivered to consumers reliably?
Amazon SQS,Did you know that Amazon SQS,automatically scales to handle any amount of message traffic, allowing your application to scale seamlessly?
Amazon SQS,Did you know that Amazon SQS,enables you to send and receive messages asynchronously, allowing components of your application to work independently?
Amazon SQS,Did you know that Amazon SQS,provides durable message storage, allowing your messages to be stored reliably until they are processed?
Amazon SQS,Did you know that Amazon SQS,supports long polling, allowing your consumers to wait for new messages with reduced cost and improved efficiency?
Amazon SQS,Did you know that Amazon SQS,offers dead-letter queues (DLQs), allowing you to capture and analyze messages that cannot be processed successfully?
Amazon SQS,Did you know that Amazon SQS,provides support for message delay, allowing you to delay the delivery of messages by a specified amount of time?
Amazon SQS,Did you know that Amazon SQS,supports message attributes, allowing you to provide additional metadata or instructions to your messages?
Amazon SQS,Did you know that Amazon SQS,enables you to configure message retention periods, specifying how long messages are retained in the queue?
Amazon SQS,Did you know that Amazon SQS,provides a highly available and fault-tolerant architecture, ensuring that your messages are always accessible?
Amazon SQS,Did you know that Amazon SQS,enables you to use AWS CloudTrail to log and monitor API calls and changes made to your SQS resources?
Amazon SQS,Did you know that Amazon SQS,supports both single and batch message operations, allowing you to process multiple messages efficiently?
Amazon SQS,Did you know that Amazon SQS,offers client-side encryption, allowing you to encrypt your messages with your own encryption keys before sending them?
Amazon SQS,Did you know that Amazon SQS,enables you to configure message visibility timeouts, controlling how long messages remain invisible to other consumers?
Amazon SQS,Did you know that Amazon SQS,supports FIFO (First-In-First-Out) queues, ensuring that messages are processed in the order they are sent?
Amazon SQS,Did you know that Amazon SQS,enables you to set per-queue permissions using AWS Identity and Access Management (IAM), ensuring secure access control?
Amazon SQS,Did you know that Amazon SQS,provides a robust set of APIs and SDKs, allowing you to interact with the service programmatically in your preferred language?
Amazon SQS,Did you know that Amazon SQS,offers redrive policies, allowing you to specify a maximum number of receives before moving messages to a DLQ?
Amazon SQS,Did you know that Amazon SQS,enables you to enable content-based deduplication, ensuring that only unique messages are sent to the queue?
Amazon SQS,Did you know that Amazon SQS,supports message tagging, allowing you to categorize and manage your messages based on custom metadata?
Amazon SQS,Did you know that Amazon SQS,enables you to use Amazon CloudWatch to monitor your SQS queues and get insights into metrics and alarms?
Amazon SQS,Did you know that Amazon SQS,provides a distributed architecture with multiple availability zones, ensuring high availability and durability?
Amazon SQS,Did you know that Amazon SQS,enables you to set up FIFO ordering across multiple message groups within a single FIFO queue?
Amazon SQS,Did you know that Amazon SQS,supports API actions for message batching, allowing you to send or delete multiple messages in a single API call?
Amazon SQS,Did you know that Amazon SQS,enables you to use AWS CloudFormation for easy provisioning and management of your SQS queues as code?
Amazon SQS,Did you know that Amazon SQS,offers message timers, allowing you to schedule messages for delivery at a specified time in the future?
Amazon CloudFront,Did you know that Amazon CloudFront,is a global content delivery network (CDN) service that accelerates the delivery of your website, APIs, and other web assets?
Amazon CloudFront,Did you know that Amazon CloudFront,distributes your content across a network of edge locations worldwide, reducing latency and improving user experience?
Amazon CloudFront,Did you know that Amazon CloudFront,enables you to cache and deliver static, dynamic, and streaming content with low latency and high transfer speeds?
Amazon CloudFront,Did you know that Amazon CloudFront,supports both HTTP and HTTPS (SSL/TLS) protocols, ensuring secure content delivery to your users?
Amazon CloudFront,Did you know that Amazon CloudFront,provides built-in integration with other AWS services, such as S3, EC2, and Lambda, for seamless content delivery?
Amazon CloudFront,Did you know that Amazon CloudFront,offers advanced caching features, including edge caching, origin caching, and query string caching?
Amazon CloudFront,Did you know that Amazon CloudFront,enables you to customize and control the caching behavior using cache behaviors, origin requests, and cache controls?
Amazon CloudFront,Did you know that Amazon CloudFront,supports origin failover, allowing you to define backup origins to serve content if the primary origin becomes unavailable?
Amazon CloudFront,Did you know that Amazon CloudFront,enables you to restrict access to your content using signed URLs or signed cookies, providing secure content delivery?
Amazon CloudFront,Did you know that Amazon CloudFront,supports field-level encryption, allowing you to encrypt specific fields in your content while it is being delivered?
Amazon CloudFront,Did you know that Amazon CloudFront,provides real-time monitoring and analytics through CloudFront Reports and integration with Amazon CloudWatch?
Amazon CloudFront,Did you know that Amazon CloudFront,supports live and on-demand video streaming, allowing you to deliver high-quality video content to your viewers?
Amazon CloudFront,Did you know that Amazon CloudFront,enables you to use AWS WAF (Web Application Firewall) to protect your applications from common web exploits?
Amazon CloudFront,Did you know that Amazon CloudFront,offers content compression to reduce the size of your files, improving transfer speed and bandwidth usage?
Amazon CloudFront,Did you know that Amazon CloudFront,supports custom SSL certificates, allowing you to use your own domain names with HTTPS for secure content delivery?
Amazon CloudFront,Did you know that Amazon CloudFront,provides geographic restrictions, allowing you to control access to your content based on viewer's location?
Amazon CloudFront,Did you know that Amazon CloudFront,enables you to use Lambda@Edge, allowing you to run custom code at CloudFront edge locations?
Amazon CloudFront,Did you know that Amazon CloudFront,offers seamless integration with AWS Elemental MediaPackage for simplified video content preparation and delivery?
Amazon CloudFront,Did you know that Amazon CloudFront,provides field-level encryption, allowing you to encrypt sensitive data within your content at the edge?
Amazon CloudFront,Did you know that Amazon CloudFront,enables you to use AWS CloudTrail to log and monitor API calls and changes made to your CloudFront distributions?
Amazon CloudFront,Did you know that Amazon CloudFront,supports custom error pages, allowing you to provide a personalized error page for your users?
Amazon CloudFront,Did you know that Amazon CloudFront,provides support for HTTP/2 and WebSocket protocols, enabling efficient and real-time communication?
Amazon CloudFront,Did you know that Amazon CloudFront,offers origin shield, allowing you to protect your origin servers from sudden spikes in traffic?
Amazon CloudFront,Did you know that Amazon CloudFront,enables you to use AWS Shield, providing DDoS (Distributed Denial of Service) protection for your applications?
Amazon CloudFront,Did you know that Amazon CloudFront,supports the use of alternate domain names (CNAMEs), allowing you to use your own domain names with CloudFront?
Amazon CloudFront,Did you know that Amazon CloudFront,enables you to configure content delivery based on device characteristics, such as screen size or user agent?
Amazon CloudFront,Did you know that Amazon CloudFront,provides origin access identity, allowing you to restrict access to your Amazon S3 origin?
Amazon CloudFront,Did you know that Amazon CloudFront,enables you to use AWS CloudFormation for easy provisioning and management of your CloudFront distributions as code?
Amazon CloudFront,Did you know that Amazon CloudFront,supports Lambda@Edge triggers, allowing you to modify and personalize the content at the edge?
Amazon ECS,Did you know that Amazon ECS (Elastic Container Service),is a fully managed container orchestration service that allows you to run and scale containerized applications easily?
Amazon ECS,Did you know that Amazon ECS,enables you to define and run containers using Docker, providing a consistent and portable environment for your applications?
Amazon ECS,Did you know that Amazon ECS,supports both Linux and Windows containers, allowing you to choose the right operating system for your application needs?
Amazon ECS,Did you know that Amazon ECS,provides a highly scalable and reliable platform for running containers, handling all the underlying infrastructure management?
Amazon ECS,Did you know that Amazon ECS,integrates seamlessly with other AWS services, such as Elastic Load Balancing, AWS Fargate, and Amazon ECR?
Amazon ECS,Did you know that Amazon ECS,enables you to deploy containers across a fleet of EC2 instances or leverage the serverless capabilities of AWS Fargate?
Amazon ECS,Did you know that Amazon ECS,supports both task definitions and services, providing a flexible way to define and manage your containers?
Amazon ECS,Did you know that Amazon ECS,enables you to auto-scale your containerized applications based on CPU utilization, memory, or custom metrics?
Amazon ECS,Did you know that Amazon ECS,supports task placement strategies, allowing you to define rules for optimal placement of containers within your cluster?
Amazon ECS,Did you know that Amazon ECS,integrates with AWS Identity and Access Management (IAM), allowing you to manage access and permissions for your containers?
Amazon ECS,Did you know that Amazon ECS,enables you to use AWS CloudWatch to monitor the performance and health of your containers and clusters?
Amazon ECS,Did you know that Amazon ECS,supports rolling updates and deployments, allowing you to update your containerized applications without downtime?
Amazon ECS,Did you know that Amazon ECS,provides service discovery through integration with AWS Cloud Map, allowing your services to discover and communicate with each other?
Amazon ECS,Did you know that Amazon ECS,offers native integration with AWS App Mesh, enabling advanced service mesh capabilities for your containerized applications?
Amazon ECS,Did you know that Amazon ECS,enables you to use AWS Fargate, a serverless compute engine for containers, to run your containers without managing the underlying infrastructure?
Amazon ECS,Did you know that Amazon ECS,supports task-level and container-level resource limits, allowing you to allocate CPU and memory resources effectively?
Amazon ECS,Did you know that Amazon ECS,enables you to use AWS CloudFormation for easy provisioning and management of your ECS resources as code?
Amazon ECS,Did you know that Amazon ECS,supports the deployment of containers from Amazon ECR (Elastic Container Registry), a fully managed container registry service?
Amazon ECS,Did you know that Amazon ECS,supports task scheduling and load balancing with Elastic Load Balancing (ELB), ensuring efficient distribution of traffic to your containers?
Amazon ECS,Did you know that Amazon ECS,enables you to use AWS X-Ray for distributed tracing, helping you gain insights into the behavior of your containerized applications?
Amazon ECS,Did you know that Amazon ECS,provides support for managed task termination protection, ensuring that your containers are not inadvertently terminated?
Amazon ECS,Did you know that Amazon ECS,enables you to use Docker Compose, a popular tool for defining and managing multi-container applications, with ECS?
Amazon ECS,Did you know that Amazon ECS,supports integration with AWS Batch, allowing you to run batch computing workloads alongside your containerized applications?
Amazon ECS,Did you know that Amazon ECS,enables you to define task definitions as JSON or YAML files, providing a declarative way to specify your container requirements?
Amazon ECS,Did you know that Amazon ECS,supports task placement constraints, allowing you to define rules to influence the placement of containers within your cluster?
Amazon ECS,Did you know that Amazon ECS,enables you to use task metadata endpoints, providing container-level metadata that can be accessed from within the containers?
Amazon ECS,Did you know that Amazon ECS,supports IAM roles for tasks, allowing you to assign permissions to individual containers within your task definitions?
Amazon ECS,Did you know that Amazon ECS,provides a managed cluster state service, ensuring that your cluster maintains an accurate and up-to-date state of its resources?
Amazon ECS,Did you know that Amazon ECS,enables you to use launch types, such as EC2 and Fargate, to choose the compute resources that power your containers?
Amazon ECS,Did you know that Amazon ECS,offers support for custom log routing to CloudWatch Logs, allowing you to centralize and analyze your container logs?
Amazon VPC,Did you know that Amazon VPC (Virtual Private Cloud),allows you to create a logically isolated virtual network in the AWS cloud?
Amazon VPC,Did you know that Amazon VPC,enables you to define and control your virtual network's IP address range, subnets, route tables, and network gateways?
Amazon VPC,Did you know that Amazon VPC,provides granular control over network traffic with security groups and network access control lists (ACLs)?
Amazon VPC,Did you know that Amazon VPC,supports both IPv4 and IPv6 addressing, allowing you to choose the IP protocol version that fits your requirements?
Amazon VPC,Did you know that Amazon VPC,enables you to establish secure connectivity between your VPC and your on-premises network using VPN (Virtual Private Network) or AWS Direct Connect?
Amazon VPC,Did you know that Amazon VPC,offers multiple options for network connectivity, including Internet Gateways, Virtual Private Gateways, and Transit Gateways?
Amazon VPC,Did you know that Amazon VPC,allows you to create and manage subnets, which are subdivisions of your VPC's IP address range?
Amazon VPC,Did you know that Amazon VPC,supports public subnets, which are directly accessible from the internet, and private subnets, which are not?
Amazon VPC,Did you know that Amazon VPC,enables you to launch EC2 instances, RDS databases, and other AWS resources securely within your virtual network?
Amazon VPC,Did you know that Amazon VPC,supports network address translation (NAT) instances and NAT gateways for instances in private subnets to access the internet?
Amazon VPC,Did you know that Amazon VPC,allows you to define and control traffic flow between subnets using route tables and network ACLs?
Amazon VPC,Did you know that Amazon VPC,enables you to peer your VPCs, allowing you to establish private connectivity between them within the same region?
Amazon VPC,Did you know that Amazon VPC,supports VPC endpoints, allowing you to privately access AWS services, such as S3 and DynamoDB, from your VPC without using public IPs?
Amazon VPC,Did you know that Amazon VPC,enables you to create and manage your own IPsec VPN connections using compatible VPN devices?
Amazon VPC,Did you know that Amazon VPC,supports flow logs, allowing you to capture and log information about the IP traffic going to and from your VPC?
Amazon VPC,Did you know that Amazon VPC,offers the VPC peering connection, allowing you to establish connectivity between VPCs across different AWS accounts?
Amazon VPC,Did you know that Amazon VPC,supports elastic network interfaces (ENIs), which can be attached to EC2 instances to enable advanced networking capabilities?
Amazon VPC,Did you know that Amazon VPC,enables you to define and enforce fine-grained network security policies using security groups and network ACLs?
Amazon VPC,Did you know that Amazon VPC,supports VPC endpoints for AWS services, allowing you to privately access services like Amazon S3 and DynamoDB from your VPC?
Amazon VPC,Did you know that Amazon VPC,enables you to create and manage internet gateways, providing a way for your VPC resources to communicate with the internet?
Amazon VPC,Did you know that Amazon VPC,provides built-in DNS resolution, allowing you to resolve DNS names for your EC2 instances and other resources within your VPC?
Amazon VPC,Did you know that Amazon VPC,supports IP multicast, allowing you to build applications that require IP multicast communication within your VPC?
Amazon VPC,Did you know that Amazon VPC,enables you to create security groups, which act as virtual firewalls to control inbound and outbound traffic for your instances?
Amazon VPC,Did you know that Amazon VPC,supports VPC endpoints for AWS services, allowing you to privately access services like Amazon S3 and DynamoDB from your VPC?
Amazon VPC,Did you know that Amazon VPC,enables you to create and manage internet gateways, providing a way for your VPC resources to communicate with the internet?
Amazon VPC,Did you know that Amazon VPC,provides built-in DNS resolution, allowing you to resolve DNS names for your EC2 instances and other resources within your VPC?
Amazon VPC,Did you know that Amazon VPC,supports IP multicast, allowing you to build applications that require IP multicast communication within your VPC?
Amazon VPC,Did you know that Amazon VPC,enables you to create security groups, which act as virtual firewalls to control inbound and outbound traffic for your instances?
Amazon ElastiCache,Did you know that Amazon ElastiCache,is a fully managed in-memory data store service that makes it easy to deploy, operate, and scale a distributed cache environment?
Amazon ElastiCache,Did you know that Amazon ElastiCache,supports popular open-source caching engines such as Redis and Memcached?
Amazon ElastiCache,Did you know that Amazon ElastiCache,enables you to improve the performance of your applications by storing frequently accessed data in memory?
Amazon ElastiCache,Did you know that Amazon ElastiCache,provides sub-millisecond latency for read and write operations, allowing your applications to respond quickly to user requests?
Amazon ElastiCache,Did you know that Amazon ElastiCache,allows you to easily add or remove cache nodes to scale your caching infrastructure based on demand?
Amazon ElastiCache,Did you know that Amazon ElastiCache,supports automatic failover for Redis replication, ensuring high availability and data durability?
Amazon ElastiCache,Did you know that Amazon ElastiCache,enables you to enable data encryption at rest, providing an additional layer of security for your cached data?
Amazon ElastiCache,Did you know that Amazon ElastiCache,supports Redis Multi-AZ with automatic failover, allowing you to achieve enhanced resilience and fault tolerance?
Amazon ElastiCache,Did you know that Amazon ElastiCache,provides CloudWatch integration, allowing you to monitor the performance and health of your ElastiCache clusters?
Amazon ElastiCache,Did you know that Amazon ElastiCache,enables you to use ElastiCache with Amazon VPC (Virtual Private Cloud), providing secure network connectivity and isolation?
Amazon ElastiCache,Did you know that Amazon ElastiCache,supports partitioning and sharding of data, allowing you to distribute your cache workload across multiple nodes?
Amazon ElastiCache,Did you know that Amazon ElastiCache,provides backup and restore capabilities, allowing you to easily recover your cache data in case of failures or data loss?
Amazon ElastiCache,Did you know that Amazon ElastiCache,enables you to configure automatic backups and retention periods for your cache clusters, ensuring data protection?
Amazon ElastiCache,Did you know that Amazon ElastiCache,supports the use of cache parameter groups, allowing you to fine-tune the behavior and performance of your cache clusters?
Amazon ElastiCache,Did you know that Amazon ElastiCache,enables you to create cache security groups, providing network access control for your ElastiCache clusters?
Amazon ElastiCache,Did you know that Amazon ElastiCache,supports data eviction policies, allowing you to control how data is managed when the cache reaches its capacity?
Amazon ElastiCache,Did you know that Amazon ElastiCache,offers online resizing for cache clusters, allowing you to easily scale your cache infrastructure without downtime?
Amazon ElastiCache,Did you know that Amazon ElastiCache,enables you to monitor your cache clusters using CloudWatch metrics and alarms, ensuring optimal performance?
Amazon ElastiCache,Did you know that Amazon ElastiCache,supports cross-region replication for Redis, allowing you to replicate your cache data to different AWS regions for disaster recovery?
Amazon ElastiCache,Did you know that Amazon ElastiCache,enables you to use Amazon CloudWatch Events to automate cache cluster management tasks and trigger actions?
Amazon ElastiCache,Did you know that Amazon ElastiCache,supports enhanced monitoring with detailed cache node-level metrics, giving you deeper insights into the performance of your cache clusters?
Amazon ElastiCache,Did you know that Amazon ElastiCache,enables you to use the ElastiCache API and command-line interface (CLI) to manage and interact with your cache clusters programmatically?
Amazon ElastiCache,Did you know that Amazon ElastiCache,supports global data replication for Redis, allowing you to replicate your cache data across multiple AWS regions for low-latency access?
Amazon ElastiCache,Did you know that Amazon ElastiCache,enables you to use CloudFormation templates to automate the creation and management of your ElastiCache resources?
Amazon ElastiCache,Did you know that Amazon ElastiCache,supports the use of ElastiCache clusters with Amazon Elastic Beanstalk, allowing you to easily add caching capabilities to your applications?
Amazon ElastiCache,Did you know that Amazon ElastiCache,enables you to enable in-transit encryption for your cache clusters, ensuring the security of data during transmission?
Amazon ElastiCache,Did you know that Amazon ElastiCache,supports automatic node replacement for Redis, allowing you to seamlessly replace unhealthy cache nodes without downtime?
Amazon ElastiCache,Did you know that Amazon ElastiCache,enables you to enable enhanced Redis backup and restore, providing additional data protection options for your cache clusters?
Amazon ElastiCache,Did you know that Amazon ElastiCache,supports the use of read replicas for Redis, allowing you to offload read traffic and scale the read throughput of your cache clusters?
Amazon Redshift,Did you know that Amazon Redshift,is a fully managed data warehousing service that provides fast and scalable analytics for your data?
Amazon Redshift,Did you know that Amazon Redshift,uses columnar storage to optimize query performance and reduce I/O overhead?
Amazon Redshift,Did you know that Amazon Redshift,automatically distributes data and queries across multiple nodes for parallel processing and high performance?
Amazon Redshift,Did you know that Amazon Redshift,supports massively parallel processing (MPP), allowing you to run complex analytical queries on large datasets?
Amazon Redshift,Did you know that Amazon Redshift,offers on-demand scaling, allowing you to easily resize your cluster to meet changing workload requirements?
Amazon Redshift,Did you know that Amazon Redshift,provides advanced compression techniques, enabling efficient storage and reduced disk I/O?
Amazon Redshift,Did you know that Amazon Redshift,supports automatic data compression and encoding, optimizing storage utilization and query performance?
Amazon Redshift,Did you know that Amazon Redshift,allows you to create materialized views, precomputing and storing the results of complex queries for faster response times?
Amazon Redshift,Did you know that Amazon Redshift,offers data encryption at rest using AWS Key Management Service (KMS) for enhanced security?
Amazon Redshift,Did you know that Amazon Redshift,supports column-level and table-level access controls, allowing you to restrict user access to specific data?
Amazon Redshift,Did you know that Amazon Redshift,enables you to load data from various sources, including Amazon S3, Amazon DynamoDB, and Amazon EMR?
Amazon Redshift,Did you know that Amazon Redshift,allows you to query data across multiple Redshift clusters using Redshift Spectrum, without the need to load the data?
Amazon Redshift,Did you know that Amazon Redshift,enables you to take snapshots of your clusters for backup and restore, point-in-time recovery, and cloning?
Amazon Redshift,Did you know that Amazon Redshift,supports materialized views, allowing you to precompute and store the results of frequently used queries?
Amazon Redshift,Did you know that Amazon Redshift,enables you to define and enforce fine-grained access control policies using AWS Identity and Access Management (IAM)?
Amazon Redshift,Did you know that Amazon Redshift,provides enhanced VPC routing, allowing you to access your Redshift clusters securely within your VPC?
Amazon Redshift,Did you know that Amazon Redshift,enables you to perform complex analytics using SQL-based queries and supports many standard SQL functions?
Amazon Redshift,Did you know that Amazon Redshift,offers workload management (WLM) to manage and prioritize query execution based on your business needs?
Amazon Redshift,Did you know that Amazon Redshift,supports data replication and high availability through automated snapshots and automated cluster restoration?
Amazon Redshift,Did you know that Amazon Redshift,enables you to optimize query performance with query monitoring, tuning, and analysis using the Query Editor?
Amazon Redshift,Did you know that Amazon Redshift,supports query optimization by generating query execution plans and leveraging statistics about your data?
Amazon Redshift,Did you know that Amazon Redshift,provides comprehensive logging and monitoring capabilities through CloudWatch and Redshift console?
Amazon Redshift,Did you know that Amazon Redshift,offers data ingestion capabilities through the COPY command, allowing you to load data in parallel from various sources?
Amazon Redshift,Did you know that Amazon Redshift,enables you to create user-defined functions (UDFs) in SQL and Python for custom data processing and analysis?
Amazon Redshift,Did you know that Amazon Redshift,supports interleaved sorting, optimizing storage and query performance for tables with multiple sort keys?
Amazon Redshift,Did you know that Amazon Redshift,enables you to restore a snapshot to a new cluster, allowing you to create a clone for testing or development purposes?
Amazon Redshift,Did you know that Amazon Redshift,provides detailed query execution metrics and performance diagnostics through system tables?
Amazon Redshift,Did you know that Amazon Redshift,enables you to define and enforce column-level data constraints using table constraints and table rules?
Amazon Redshift,Did you know that Amazon Redshift,supports automated query rewriting and query optimization using machine learning with automatic workload management (AWLM)?
Amazon Redshift,Did you know that Amazon Redshift,allows you to unload query results to Amazon S3 for further analysis or data archiving?
AWS CloudFormation,Did you know that AWS CloudFormation,is a service that allows you to model and provision AWS resources and infrastructure as code?
AWS CloudFormation,Did you know that AWS CloudFormation,uses declarative templates written in YAML or JSON to define your desired infrastructure configuration?
AWS CloudFormation,Did you know that AWS CloudFormation,enables you to create, update, and delete stacks of resources in a consistent and predictable manner?
AWS CloudFormation,Did you know that AWS CloudFormation,provides a wide range of resource types that you can include in your templates, such as EC2 instances, S3 buckets, and RDS databases?
AWS CloudFormation,Did you know that AWS CloudFormation,supports nested stacks, allowing you to create modular and reusable templates?
AWS CloudFormation,Did you know that AWS CloudFormation,provides change sets, which allow you to preview the changes that will be made to your stack before applying them?
AWS CloudFormation,Did you know that AWS CloudFormation,supports rollback on stack creation and update failures, ensuring that your infrastructure is always in a consistent state?
AWS CloudFormation,Did you know that AWS CloudFormation,supports cross-stack references, enabling resources in one stack to refer to resources in another stack?
AWS CloudFormation,Did you know that AWS CloudFormation,allows you to parameterize your templates, making them flexible and customizable?
AWS CloudFormation,Did you know that AWS CloudFormation,supports conditional resource creation, allowing you to control which resources are created based on conditions?
AWS CloudFormation,Did you know that AWS CloudFormation,enables you to use AWS CloudTrail to record and track changes made to your stacks?
AWS CloudFormation,Did you know that AWS CloudFormation,integrates with AWS Config, allowing you to assess the compliance and configuration of your deployed resources?
AWS CloudFormation,Did you know that AWS CloudFormation,supports resource import, allowing you to import existing resources into a stack and manage them with CloudFormation?
AWS CloudFormation,Did you know that AWS CloudFormation,supports stack policies, which allow you to control updates to specific resources within a stack?
AWS CloudFormation,Did you know that AWS CloudFormation,provides AWS CloudFormation Designer, a visual tool for creating, viewing, and modifying CloudFormation templates?
AWS CloudFormation,Did you know that AWS CloudFormation,supports drift detection, which helps you identify any configuration changes made to your stack resources outside of CloudFormation?
AWS CloudFormation,Did you know that AWS CloudFormation,supports AWS Serverless Application Model (SAM), allowing you to define serverless applications using simplified syntax?
AWS CloudFormation,Did you know that AWS CloudFormation,integrates with AWS Service Catalog, enabling you to create and manage product portfolios and provisioned products?
AWS CloudFormation,Did you know that AWS CloudFormation,enables you to create change sets and execute stack updates using the AWS CLI and SDKs?
AWS CloudFormation,Did you know that AWS CloudFormation,provides a template designer within the AWS Management Console, making it easy to create and edit templates visually?
AWS CloudFormation,Did you know that AWS CloudFormation,supports resource import operations for popular services such as Amazon EC2, Amazon S3, and Amazon RDS?
AWS CloudFormation,Did you know that AWS CloudFormation,enables you to define output values in your templates, making it easy to retrieve information about your stack after deployment?
AWS CloudFormation,Did you know that AWS CloudFormation,provides drift detection and drift remediation, allowing you to compare the current stack configuration with the expected template configuration?
AWS CloudFormation,Did you know that AWS CloudFormation,supports AWS CloudFormation StackSets, allowing you to create, update, or delete stacks across multiple accounts and regions?
AWS CloudFormation,Did you know that AWS CloudFormation,enables you to create and manage AWS CloudFormation macros, which are custom templates transformations?
AWS CloudFormation,Did you know that AWS CloudFormation,supports YAML-formatted templates, which offer a more concise and human-friendly syntax compared to JSON?
AWS CloudFormation,Did you know that AWS CloudFormation,supports resource-level rollback, allowing you to roll back the provisioning of individual resources in a stack?
AWS CloudFormation,Did you know that AWS CloudFormation,offers a wide range of built-in functions that you can use in your templates to perform transformations and calculations?
AWS CloudFormation,Did you know that AWS CloudFormation,supports AWS CloudFormation Registry, which provides a managed set of resource types and modules that you can use in your templates?
AWS CloudFormation,Did you know that AWS CloudFormation,provides StackSets operations through the AWS Management Console, CLI, and SDKs, allowing you to manage stack sets across accounts and regions?
AWS IAM,Did you know that AWS IAM (Identity and Access Management),is a web service that helps you securely control access to AWS resources for your users and applications?
AWS IAM,Did you know that AWS IAM,enables you to create and manage users, groups, and roles to grant permissions for resource access and management?
AWS IAM,Did you know that AWS IAM,supports fine-grained access control, allowing you to define permissions at a granular level using policies?
AWS IAM,Did you know that AWS IAM,provides centralized user management, making it easier to manage access and permissions for multiple AWS accounts and services?
AWS IAM,Did you know that AWS IAM,allows you to create and manage access keys for programmatic access to AWS services and resources?
AWS IAM,Did you know that AWS IAM,enables you to use roles for cross-account access, allowing you to grant permissions to resources in different AWS accounts?
AWS IAM,Did you know that AWS IAM,supports temporary security credentials, providing temporary access to AWS resources for trusted users or applications?
AWS IAM,Did you know that AWS IAM,allows you to enable multi-factor authentication (MFA) for an extra layer of security to protect your AWS resources?
AWS IAM,Did you know that AWS IAM,provides integration with AWS Single Sign-On (SSO), allowing you to manage access to multiple AWS accounts and applications from a central location?
AWS IAM,Did you know that AWS IAM,supports identity federation, enabling you to grant access to AWS resources using existing identities from other trusted systems?
AWS IAM,Did you know that AWS IAM,enables you to manage permissions using IAM policies, which are JSON documents that define who can access what resources and how?
AWS IAM,Did you know that AWS IAM,supports permission boundaries, allowing you to delegate permissions management to different teams or departments?
AWS IAM,Did you know that AWS IAM,enables you to define and enforce password policies to ensure strong password usage for IAM users?
AWS IAM,Did you know that AWS IAM,provides access advisor, which helps you review and analyze the permissions granted to your IAM users and roles?
AWS IAM,Did you know that AWS IAM,supports service-specific permissions, allowing you to control access to individual AWS services and actions?
AWS IAM,Did you know that AWS IAM,provides policy conditions, allowing you to define additional constraints on when permissions are granted?
AWS IAM,Did you know that AWS IAM,enables you to use identity providers (IdPs) such as Google, Facebook, or your own corporate directory for authentication?
AWS IAM,Did you know that AWS IAM,supports identity-based policies, resource-based policies, and permission boundaries for flexible access control?
AWS IAM,Did you know that AWS IAM,allows you to rotate access keys automatically, reducing the risk of compromised credentials?
AWS IAM,Did you know that AWS IAM,enables you to enable AWS CloudTrail logging for IAM actions, providing an audit trail of who accessed your resources?
AWS IAM,Did you know that AWS IAM,provides IAM roles for Amazon EC2 instances, allowing applications to securely access AWS resources?
AWS IAM,Did you know that AWS IAM,supports IAM groups, allowing you to manage permissions for multiple users collectively?
AWS IAM,Did you know that AWS IAM,provides pre-defined managed policies, offering a set of common permissions for common use cases?
AWS IAM,Did you know that AWS IAM,enables you to grant cross-account access to your resources using IAM roles and external IDs?
AWS IAM,Did you know that AWS IAM,provides access analyzer, which helps you identify any unintended resource access due to permissions settings?
AWS IAM,Did you know that AWS IAM,enables you to use AWS Organizations to centrally manage and govern multiple AWS accounts?
AWS IAM,Did you know that AWS IAM,allows you to simulate IAM policy changes before applying them to understand their impact?
AWS IAM,Did you know that AWS IAM,supports AWS Security Token Service (STS), allowing you to request temporary security credentials with specified permissions?
AWS IAM,Did you know that AWS IAM,offers policy validation, which helps you identify any errors or issues in your IAM policies before applying them?
AWS IAM,Did you know that AWS IAM,enables you to set up password rotation policies to enforce regular password changes for IAM users?
Amazon Route 53,Did you know that Amazon Route 53,is a highly scalable and reliable Domain Name System (DNS) web service provided by AWS?
Amazon Route 53,Did you know that Amazon Route 53,enables you to register and manage domain names for your websites and applications?
Amazon Route 53,Did you know that Amazon Route 53,supports both public and private DNS routing, allowing you to route traffic within your VPCs or across the internet?
Amazon Route 53,Did you know that Amazon Route 53,provides global DNS resolution, ensuring low-latency and high-performance DNS query responses for your users?
Amazon Route 53,Did you know that Amazon Route 53,offers a simple and intuitive web interface as well as a comprehensive API for managing DNS records?
Amazon Route 53,Did you know that Amazon Route 53,enables you to route traffic to various AWS services, including Amazon S3, EC2 instances, and Load Balancers?
Amazon Route 53,Did you know that Amazon Route 53,supports weighted routing, allowing you to distribute traffic across multiple resources based on predefined weights?
Amazon Route 53,Did you know that Amazon Route 53,enables you to configure failover routing, ensuring high availability by directing traffic to alternate resources in case of failures?
Amazon Route 53,Did you know that Amazon Route 53,supports latency-based routing, automatically directing traffic to the region with the lowest latency for your users?
Amazon Route 53,Did you know that Amazon Route 53,provides geolocation routing, allowing you to route traffic based on the geographic location of your users?
Amazon Route 53,Did you know that Amazon Route 53,enables you to configure health checks for your resources, automatically routing traffic away from unhealthy endpoints?
Amazon Route 53,Did you know that Amazon Route 53,supports DNS query logging, allowing you to capture detailed DNS query logs for analysis and troubleshooting?
Amazon Route 53,Did you know that Amazon Route 53,supports DNSSEC (Domain Name System Security Extensions), providing an additional layer of security for DNS queries?
Amazon Route 53,Did you know that Amazon Route 53,supports domain name registration and transfer, allowing you to manage your domains directly within the service?
Amazon Route 53,Did you know that Amazon Route 53,enables you to set up alias records, providing seamless integration with other AWS services like S3 and CloudFront?
Amazon Route 53,Did you know that Amazon Route 53,provides traffic flow, a powerful and flexible routing policy editor for advanced traffic management?
Amazon Route 53,Did you know that Amazon Route 53,enables you to set up DNS failover for your resources, automatically routing traffic to healthy endpoints?
Amazon Route 53,Did you know that Amazon Route 53,supports DNS query logging, allowing you to capture detailed DNS query logs for analysis and troubleshooting?
Amazon Route 53,Did you know that Amazon Route 53,supports DNSSEC (Domain Name System Security Extensions), providing an additional layer of security for DNS queries?
Amazon Route 53,Did you know that Amazon Route 53,supports domain name registration and transfer, allowing you to manage your domains directly within the service?
Amazon Route 53,Did you know that Amazon Route 53,enables you to set up alias records, providing seamless integration with other AWS services like S3 and CloudFront?
Amazon Route 53,Did you know that Amazon Route 53,provides traffic flow, a powerful and flexible routing policy editor for advanced traffic management?
Amazon Route 53,Did you know that Amazon Route 53,enables you to set up DNS failover for your resources, automatically routing traffic to healthy endpoints?
Amazon Route 53,Did you know that Amazon Route 53,supports DNS query logging, allowing you to capture detailed DNS query logs for analysis and troubleshooting?
Amazon Route 53,Did you know that Amazon Route 53,supports DNSSEC (Domain Name System Security Extensions), providing an additional layer of security for DNS queries?
Amazon Route 53,Did you know that Amazon Route 53,supports domain name registration and transfer, allowing you to manage your domains directly within the service?
Amazon Route 53,Did you know that Amazon Route 53,enables you to set up alias records, providing seamless integration with other AWS services like S3 and CloudFront?
Amazon Route 53,Did you know that Amazon Route 53,provides traffic flow, a powerful and flexible routing policy editor for advanced traffic management?
Amazon Route 53,Did you know that Amazon Route 53,enables you to set up DNS failover for your resources, automatically routing traffic to healthy endpoints?
Amazon Route 53,Did you know that Amazon Route 53,supports DNS query logging, allowing you to capture detailed DNS query logs for analysis and troubleshooting?
AWS CloudTrail,Did you know that AWS CloudTrail,provides a detailed audit trail of all API calls and account activity within your AWS account?
AWS CloudTrail,Did you know that AWS CloudTrail,enables you to monitor and troubleshoot your AWS infrastructure by capturing and storing logs of API activity?
AWS CloudTrail,Did you know that AWS CloudTrail,automatically logs API calls made by AWS Management Console, SDKs, CLI, and other AWS services?
AWS CloudTrail,Did you know that AWS CloudTrail,provides visibility into resource changes, helping you understand how and when resources were modified?
AWS CloudTrail,Did you know that AWS CloudTrail,can be configured to deliver logs to Amazon S3 or CloudWatch Logs for easy storage and analysis?
AWS CloudTrail,Did you know that AWS CloudTrail,supports multi-region trails, allowing you to capture API activity across different AWS regions?
AWS CloudTrail,Did you know that AWS CloudTrail,enables you to set up CloudWatch Events to trigger automated responses based on specific API activity?
AWS CloudTrail,Did you know that AWS CloudTrail,provides event history, allowing you to view and search past API activity and associated details?
AWS CloudTrail,Did you know that AWS CloudTrail,provides insights into who, what, when, and where of API calls made within your AWS account?
AWS CloudTrail,Did you know that AWS CloudTrail,supports log file integrity validation, ensuring the authenticity and integrity of your log data?
AWS CloudTrail,Did you know that AWS CloudTrail,enables you to create and manage trails, which define the configuration for log file delivery and storage?
AWS CloudTrail,Did you know that AWS CloudTrail,supports data events, capturing detailed information about resource-level activity and configuration changes?
AWS CloudTrail,Did you know that AWS CloudTrail,provides API activity history, allowing you to review and analyze API calls made by users and services?
AWS CloudTrail,Did you know that AWS CloudTrail,can be integrated with AWS CloudWatch for real-time monitoring and alerting based on API activity?
AWS CloudTrail,Did you know that AWS CloudTrail,enables you to encrypt your log files at rest using AWS Key Management Service (KMS)?
AWS CloudTrail,Did you know that AWS CloudTrail,supports trail logging for AWS Management Console sign-in events, providing user activity tracking?
AWS CloudTrail,Did you know that AWS CloudTrail,provides granular control over the types of events you capture by configuring data event selectors?
AWS CloudTrail,Did you know that AWS CloudTrail,allows you to define event selectors to filter the events you want to capture and exclude the rest?
AWS CloudTrail,Did you know that AWS CloudTrail,enables you to receive CloudTrail log files as Amazon S3 bucket notifications for automated processing?
AWS CloudTrail,Did you know that AWS CloudTrail,supports integration with AWS CloudFormation, allowing you to automate trail creation and management?
AWS CloudTrail,Did you know that AWS CloudTrail,enables you to set up organization trails to capture activity across all linked AWS accounts?
AWS CloudTrail,Did you know that AWS CloudTrail,supports advanced event filtering using advanced event selectors to capture specific API activity?
AWS CloudTrail,Did you know that AWS CloudTrail,enables you to define data resource policies to control which resources are logged for data events?
AWS CloudTrail,Did you know that AWS CloudTrail,can be integrated with AWS Config, allowing you to correlate configuration changes with API activity?
AWS CloudTrail,Did you know that AWS CloudTrail,enables you to add additional logging attributes to your log events using CloudTrail insights?
AWS CloudTrail,Did you know that AWS CloudTrail,supports continuous delivery of CloudTrail log files to an S3 bucket for real-time analysis?
AWS CloudTrail,Did you know that AWS CloudTrail,enables you to track API activity across AWS services, including EC2, S3, IAM, and many more?
AWS CloudTrail,Did you know that AWS CloudTrail,supports resource-level logging, providing detailed information about specific resource changes?
AWS CloudTrail,Did you know that AWS CloudTrail,enables you to create custom trails to capture specific API activity based on your requirements?
Amazon Kinesis,Did you know that Amazon Kinesis,is a fully managed service for real-time streaming and processing of large, distributed data streams?
Amazon Kinesis,Did you know that Amazon Kinesis,enables you to ingest, process, and analyze streaming data in real-time with low latency?
Amazon Kinesis,Did you know that Amazon Kinesis,supports three types of data streams: Amazon Kinesis Data Streams, Amazon Kinesis Data Firehose, and Amazon Kinesis Data Analytics?
Amazon Kinesis,Did you know that Amazon Kinesis Data Streams,enables you to build custom applications that process and analyze streaming data at scale?
Amazon Kinesis,Did you know that Amazon Kinesis Data Streams,supports multiple producers and consumers, allowing data to be shared across different applications?
Amazon Kinesis,Did you know that Amazon Kinesis Data Streams,automatically scales to handle high data throughput, ensuring real-time processing of streaming data?
Amazon Kinesis,Did you know that Amazon Kinesis Data Streams,enables you to store streaming data for up to 7 days, allowing you to perform historical analysis?
Amazon Kinesis,Did you know that Amazon Kinesis Data Streams,supports data partitioning, allowing you to break up your data streams into multiple shards for parallel processing?
Amazon Kinesis,Did you know that Amazon Kinesis Data Streams,supports ordered data processing, ensuring that records within a shard are processed in the order they were received?
Amazon Kinesis,Did you know that Amazon Kinesis Data Streams,provides a simple API for putting and getting data records from the stream, making it easy to integrate with your applications?
Amazon Kinesis,Did you know that Amazon Kinesis Data Streams,supports server-side encryption (SSE) to encrypt your data at rest, ensuring data security?
Amazon Kinesis,Did you know that Amazon Kinesis Data Firehose,enables you to load streaming data into AWS services such as Amazon S3, Amazon Redshift, and Amazon Elasticsearch?
Amazon Kinesis,Did you know that Amazon Kinesis Data Firehose,automatically scales to handle the incoming data rate, ensuring high throughput and delivery reliability?
Amazon Kinesis,Did you know that Amazon Kinesis Data Firehose,supports data transformation during the ingestion process, allowing you to modify or enrich your data before storing it?
Amazon Kinesis,Did you know that Amazon Kinesis Data Firehose,supports compression and encryption of your data, providing data protection and reduced storage costs?
Amazon Kinesis,Did you know that Amazon Kinesis Data Firehose,enables you to deliver data to destinations in near real-time, enabling timely analytics and insights?
Amazon Kinesis,Did you know that Amazon Kinesis Data Analytics,enables you to run real-time SQL queries on streaming data using a familiar SQL language?
Amazon Kinesis,Did you know that Amazon Kinesis Data Analytics,supports continuous queries, allowing you to perform real-time data processing and analytics on streaming data?
Amazon Kinesis,Did you know that Amazon Kinesis Data Analytics,supports aggregations, filtering, and windowing operations to perform advanced analytics on streaming data?
Amazon Kinesis,Did you know that Amazon Kinesis Data Analytics,provides pre-built streaming analytics applications for common use cases like anomaly detection and real-time metrics?
Amazon Kinesis,Did you know that Amazon Kinesis Data Analytics,automatically scales to handle the incoming data rate, ensuring efficient and cost-effective processing?
Amazon Kinesis,Did you know that Amazon Kinesis Data Analytics,offers easy integration with other AWS services for data storage, visualization, and further processing?
Amazon Kinesis,Did you know that Amazon Kinesis Data Analytics,supports streaming data from multiple sources, allowing you to analyze data from diverse streams in one application?
Amazon Kinesis,Did you know that Amazon Kinesis Data Analytics,enables you to build real-time dashboards and visualizations using popular BI tools and AWS services?
Amazon Kinesis,Did you know that Amazon Kinesis Data Analytics,supports seamless integration with Amazon Kinesis Data Streams and Amazon Kinesis Data Firehose?
Amazon Kinesis,Did you know that Amazon Kinesis Data Analytics,provides built-in fault tolerance and automatic scaling, ensuring high availability and performance?
Amazon Kinesis,Did you know that Amazon Kinesis Data Analytics,enables you to continuously process and analyze streaming data with millisecond response times?
Amazon Kinesis,Did you know that Amazon Kinesis Data Analytics,supports flexible windowing and time-based operations to analyze streaming data within specified time intervals?
Amazon Kinesis,Did you know that Amazon Kinesis Data Analytics,supports real-time anomaly detection, enabling you to detect unusual patterns and events in your streaming data?
Amazon Kinesis,Did you know that Amazon Kinesis Data Analytics,allows you to build complex, real-time data processing pipelines without the need for managing infrastructure?
AWS Step Functions,Did you know that AWS Step Functions,provides a serverless workflow service that enables you to coordinate and orchestrate distributed applications and microservices?
AWS Step Functions,Did you know that AWS Step Functions,allows you to build and run workflows using visual representations of your application's workflow using a state machine?
AWS Step Functions,Did you know that AWS Step Functions,simplifies the development and management of complex, long-running workflows with built-in error handling and retry mechanisms?
AWS Step Functions,Did you know that AWS Step Functions,enables you to coordinate the execution of multiple AWS services and custom code as a single workflow?
AWS Step Functions,Did you know that AWS Step Functions,provides a visual console to design, test, and monitor your workflows, making it easy to visualize and debug your application logic?
AWS Step Functions,Did you know that AWS Step Functions,supports parallel and sequential execution of steps, allowing you to define complex workflow patterns?
AWS Step Functions,Did you know that AWS Step Functions,provides built-in integration with AWS Lambda, allowing you to easily invoke serverless functions as steps in your workflow?
AWS Step Functions,Did you know that AWS Step Functions,supports waiting for external events and triggers, enabling event-driven workflows and coordination with other services?
AWS Step Functions,Did you know that AWS Step Functions,allows you to define and handle different types of workflow states, such as task states, choice states, and wait states?
AWS Step Functions,Did you know that AWS Step Functions,enables you to specify input and output data for each step in your workflow, allowing data transformation and passing between steps?
AWS Step Functions,Did you know that AWS Step Functions,supports state timeouts, ensuring that steps complete within a specified time limit to prevent execution delays?
AWS Step Functions,Did you know that AWS Step Functions,provides state machine versions and aliases, allowing you to manage and deploy changes to your workflows seamlessly?
AWS Step Functions,Did you know that AWS Step Functions,enables you to add error handling and retries to individual steps, ensuring resilience and fault tolerance in your workflows?
AWS Step Functions,Did you know that AWS Step Functions,supports activity workers, which are external components that can interact with your workflows to perform specific tasks?
AWS Step Functions,Did you know that AWS Step Functions,offers SDKs and APIs for programmatic interaction, allowing you to integrate Step Functions into your applications and systems?
AWS Step Functions,Did you know that AWS Step Functions,provides detailed execution history and logging, making it easy to troubleshoot and analyze the execution of your workflows?
AWS Step Functions,Did you know that AWS Step Functions,enables you to manage permissions and access control to your workflows using AWS Identity and Access Management (IAM)?
AWS Step Functions,Did you know that AWS Step Functions,supports human approval steps, allowing manual intervention and decision-making within your workflows?
AWS Step Functions,Did you know that AWS Step Functions,supports error handling and retries for failed steps, ensuring reliable execution and fault tolerance in your workflows?
AWS Step Functions,Did you know that AWS Step Functions,provides integration with Amazon EventBridge, enabling event-driven workflows and coordination with other AWS services?
AWS Step Functions,Did you know that AWS Step Functions,supports execution logs and CloudWatch metrics, allowing you to monitor and gain insights into the performance of your workflows?
AWS Step Functions,Did you know that AWS Step Functions,offers integration with AWS X-Ray, providing end-to-end visibility into the execution and performance of your workflows?
AWS Step Functions,Did you know that AWS Step Functions,enables you to define and manage callback patterns, allowing asynchronous interactions with external systems and services?
AWS Step Functions,Did you know that AWS Step Functions,offers integration with AWS Batch, enabling you to run high-performance computing (HPC) workloads as steps in your workflows?
AWS Step Functions,Did you know that AWS Step Functions,supports task retries with exponential backoff, allowing your workflow to automatically retry failed tasks with increasing intervals?
AWS Step Functions,Did you know that AWS Step Functions,enables you to easily integrate with third-party services and APIs using AWS Lambda as a bridge between your workflows and external systems?
AWS Step Functions,Did you know that AWS Step Functions,supports fine-grained IAM policies, allowing you to control access to individual steps and resources within your workflows?
AWS Step Functions,Did you know that AWS Step Functions,offers CloudFormation integration, enabling you to define and deploy your workflows as part of your infrastructure-as-code?
AWS Step Functions,Did you know that AWS Step Functions,enables you to monitor and visualize your workflows using Amazon CloudWatch Events and CloudWatch Logs?
Amazon CloudWatch,Did you know that Amazon CloudWatch,is a monitoring and observability service that provides real-time insights and operational visibility into your AWS resources and applications?
Amazon CloudWatch,Did you know that Amazon CloudWatch,enables you to collect and track metrics, collect and monitor log files, and set alarms to take automated actions based on predefined thresholds?
Amazon CloudWatch,Did you know that Amazon CloudWatch,provides a unified view of your resources and applications by aggregating and visualizing metrics, logs, and events in a single dashboard?
Amazon CloudWatch,Did you know that Amazon CloudWatch,offers a wide range of pre-built metrics for various AWS services, allowing you to monitor resource utilization, performance, and health?
Amazon CloudWatch,Did you know that Amazon CloudWatch,enables you to create custom metrics, providing flexibility to monitor and track specific application-level or business-specific metrics?
Amazon CloudWatch,Did you know that Amazon CloudWatch,supports high-resolution metrics, allowing you to collect and analyze data at sub-minute intervals for more granular insights?
Amazon CloudWatch,Did you know that Amazon CloudWatch,provides metric filters and alarms, enabling you to set thresholds and trigger notifications or automated actions based on metric values?
Amazon CloudWatch,Did you know that Amazon CloudWatch,enables you to monitor and analyze logs from your applications, EC2 instances, AWS services, and custom sources?
Amazon CloudWatch,Did you know that Amazon CloudWatch Logs,allows you to centralize log data from multiple sources, making it easier to search, analyze, and troubleshoot log events?
Amazon CloudWatch,Did you know that Amazon CloudWatch Logs,provides real-time log streaming, allowing you to monitor and react to log events as they happen?
Amazon CloudWatch,Did you know that Amazon CloudWatch,provides log insights, a feature that enables you to interactively search and analyze log data using simple query language statements?
Amazon CloudWatch,Did you know that Amazon CloudWatch Alarms,enable you to monitor metrics and trigger actions based on predefined conditions, such as threshold breaches or patterns in metric data?
Amazon CloudWatch,Did you know that Amazon CloudWatch Alarms,support actions like sending notifications via Amazon SNS, executing AWS Lambda functions, or stopping/terminating EC2 instances?
Amazon CloudWatch,Did you know that Amazon CloudWatch Events,enables you to respond to changes in your AWS resources by routing events to targets, such as Lambda functions, SNS topics, or EC2 instances?
Amazon CloudWatch,Did you know that Amazon CloudWatch Events,supports scheduled events, allowing you to trigger actions at specific times or intervals, such as automating backups or resource scaling?
Amazon CloudWatch,Did you know that Amazon CloudWatch Dashboards,provide customizable visualizations of your metrics and logs, allowing you to create personalized monitoring views?
Amazon CloudWatch,Did you know that Amazon CloudWatch Dashboards,support widgets like line charts, bar charts, text, and alarms, enabling you to build informative and interactive dashboards?
Amazon CloudWatch,Did you know that Amazon CloudWatch Container Insights,provides deep visibility into the performance and health of your containerized applications running on AWS services like Amazon ECS and EKS?
Amazon CloudWatch,Did you know that Amazon CloudWatch Container Insights,offers pre-built dashboards and visualizations specific to containers, helping you understand and optimize container performance?
Amazon CloudWatch,Did you know that Amazon CloudWatch Synthetics,enables you to create canaries that mimic user interactions with your applications and monitor their availability and responsiveness?
Amazon CloudWatch,Did you know that Amazon CloudWatch Synthetics,supports scripted workflows to simulate common user actions like clicking buttons, filling forms, and navigating through web pages?
Amazon CloudWatch,Did you know that Amazon CloudWatch Anomaly Detection,uses machine learning algorithms to analyze historical metrics and automatically detect anomalous behavior or unusual patterns?
Amazon CloudWatch,Did you know that Amazon CloudWatch Anomaly Detection,helps you identify and investigate unexpected changes in metric values, enabling early detection of potential issues?
Amazon CloudWatch,Did you know that Amazon CloudWatch Logs Insights,enables you to interactively search, analyze, and visualize log data using a powerful query language and pre-built query patterns?
Amazon CloudWatch,Did you know that Amazon CloudWatch Logs Insights,supports functions and aggregations to transform and summarize log data, providing valuable insights and statistics?
Amazon CloudWatch,Did you know that Amazon CloudWatch Logs Insights,provides automatic query autocompletion and query history, making it easier to construct and refine log queries?
Amazon CloudWatch,Did you know that Amazon CloudWatch Contributor Insights,provides visibility into the top contributors to changes in your system's performance, helping you identify bottlenecks or resource-intensive operations?
Amazon CloudWatch,Did you know that Amazon CloudWatch Contributor Insights,automatically analyzes log data and identifies the most impactful contributors based on time, frequency, and potential correlation?
Amazon CloudWatch,Did you know that Amazon CloudWatch ServiceLens,provides a centralized view of the health, performance, and dependencies of your applications and microservices across AWS resources?
Amazon CloudWatch,Did you know that Amazon CloudWatch ServiceLens,offers interactive visualizations, dependency maps, and automated anomaly detection to identify and diagnose performance issues?
Amazon CloudWatch,Did you know that Amazon CloudWatch ServiceLens,enables you to create service-level views to monitor and analyze the end-to-end performance of your applications and their underlying resources?
Amazon CloudWatch,Did you know that Amazon CloudWatch ServiceLens,provides integration with AWS X-Ray, allowing you to correlate performance metrics with distributed traces for comprehensive monitoring and troubleshooting?
Amazon CloudWatch,Did you know that Amazon CloudWatch ServiceLens,enables you to create and manage ServiceLens configurations to define your application's resources, telemetry sources, and analytics preferences?
AWS CDK,Did you know that AWS CDK (Cloud Development Kit),is an open-source software development framework to define cloud infrastructure in familiar programming languages such as TypeScript, Python, and Java?
AWS CDK,Did you know that AWS CDK,provides a higher-level abstraction to provision and manage AWS resources using code, enabling infrastructure-as-code (IaC) practices?
AWS CDK,Did you know that AWS CDK,allows you to define reusable and composable constructs, making it easier to build and share patterns for your cloud infrastructure?
AWS CDK,Did you know that AWS CDK,enables you to define your infrastructure as a stack, which represents a set of AWS resources that can be deployed and managed together?
AWS CDK,Did you know that AWS CDK,provides a comprehensive set of AWS constructs that represent AWS resources and services, allowing you to easily instantiate and configure them in your code?
AWS CDK,Did you know that AWS CDK,generates AWS CloudFormation templates from your code, which can be deployed using AWS CloudFormation service?
AWS CDK,Did you know that AWS CDK,supports AWS CloudFormation features like change sets, drift detection, rollback, and stack updates, providing robust deployment and management capabilities?
AWS CDK,Did you know that AWS CDK,enables you to leverage the full power and flexibility of programming languages, including loops, conditionals, and modular code organization, to define your infrastructure?
AWS CDK,Did you know that AWS CDK,provides a wide range of AWS constructs, covering various AWS services, allowing you to easily provision and configure resources like S3 buckets, Lambda functions, and DynamoDB tables?
AWS CDK,Did you know that AWS CDK,supports the use of AWS CloudFormation macros and custom resources, allowing you to extend the capabilities of your infrastructure definitions?
AWS CDK,Did you know that AWS CDK,offers a library of AWS Construct Libraries, which are pre-built collections of reusable constructs for popular AWS services and architectural patterns?
AWS CDK,Did you know that AWS CDK,provides an interactive CLI (Command Line Interface) with features like deploy, diff, and synth, making it easy to deploy and manage your AWS CDK stacks?
AWS CDK,Did you know that AWS CDK,enables you to use existing AWS resources in your CDK code, allowing you to import and work with resources created outside of CDK?
AWS CDK,Did you know that AWS CDK,offers a testing framework that allows you to write unit tests and integration tests for your CDK code, ensuring the correctness of your infrastructure definitions?
AWS CDK,Did you know that AWS CDK,supports multi-region deployments, enabling you to define and deploy infrastructure stacks across multiple AWS regions?
AWS CDK,Did you know that AWS CDK,enables you to define and manage cross-stack dependencies, ensuring proper ordering and deployment of related stacks?
AWS CDK,Did you know that AWS CDK,provides a powerful construct called AWS Lambda Function Asset, which allows you to package and deploy Lambda functions directly from your CDK code?
AWS CDK,Did you know that AWS CDK,provides a convenient construct called AWS Fargate Service, which simplifies the deployment of containerized applications using AWS Fargate?
AWS CDK,Did you know that AWS CDK,enables you to define and manage complex AWS architectures, such as VPCs, subnets, security groups, and routing tables, using higher-level constructs?
AWS CDK,Did you know that AWS CDK,enables you to define and manage AWS IAM roles, policies, and permissions using programming constructs, ensuring secure and fine-grained access control?
AWS CDK,Did you know that AWS CDK,supports the concept of environment contexts, allowing you to define environment-specific values and configurations for your CDK stacks?
AWS CDK,Did you know that AWS CDK,enables you to create and manage AWS CloudFormation macros, which can perform custom transformations or validations on your CDK templates?
AWS CDK,Did you know that AWS CDK,supports the concept of stack synthesis, which allows you to generate reusable CloudFormation templates from existing CDK stacks?
AWS CDK,Did you know that AWS CDK,provides a rich ecosystem of extensions and plugins, allowing you to extend and customize the functionality of AWS CDK?
AWS CDK,Did you know that AWS CDK,offers integration with AWS CodePipeline, enabling you to automate the deployment and release of your CDK stacks?
AWS CDK,Did you know that AWS CDK,enables you to share your CDK constructs and libraries with others through the AWS CDK Construct Hub?
AWS CDK,Did you know that AWS CDK,enables you to create custom AWS constructs, encapsulating complex resource configurations and making them reusable across your projects?